{
  "noise_levels": [
    0.0,
    5.0,
    15.0,
    30.0
  ],
  "n_ttc0_trials": 36,
  "stim_onset_frame": 200,
  "latency_stats": {
    "0.0": {
      "mean": 4691.666666666667,
      "sem": 387.681038099089,
      "n": 36,
      "std": 2326.086228594534
    },
    "5.0": {
      "mean": 3203.6111111111113,
      "sem": 541.5117218356048,
      "n": 36,
      "std": 3249.070331013629
    },
    "15.0": {
      "mean": 3414.722222222222,
      "sem": 456.39172921277526,
      "n": 36,
      "std": 2738.3503752766514
    },
    "30.0": {
      "mean": 2805.277777777778,
      "sem": 444.2063523968339,
      "n": 36,
      "std": 2665.2381143810035
    }
  },
  "gate_post_stim_mean": {
    "0.0": 0.5033685564994812,
    "5.0": 0.4811364710330963,
    "15.0": 0.4783797562122345,
    "30.0": 0.4778181314468384
  }
}